ling,n,mean_age,sd,range_min,range_max
Bilingual,1265,89.97656119822567,28.679473295763255,36,168
Monolingual,1498,85.73349604834975,27.40535819112849,37,167
